"date","cases","deaths","recoveries","date_diff","cases_diff","deaths_diff","recoveries_diff","month","day_of_week","cases_log","deaths_log","recoveries_log"
2020-01-22,1,0,0,0,0,0,0,"January","Wednesday",0,0,0
2020-01-23,1,0,0,1,0,0,0,"January","Thursday",0,0,0
2020-01-24,2,0,0,1,1,0,0,"January","Friday",0.693147180559945,0,0
2020-01-25,3,0,0,1,1,0,0,"January","Saturday",1.09861228866811,0,0
2020-01-26,5,0,0,1,2,0,0,"January","Sunday",1.6094379124341,0,0
2020-01-27,5,0,0,1,0,0,0,"January","Monday",1.6094379124341,0,0
2020-01-28,5,0,0,1,0,0,0,"January","Tuesday",1.6094379124341,0,0
2020-01-29,5,0,0,1,0,0,0,"January","Wednesday",1.6094379124341,0,0
2020-01-30,6,0,0,1,1,0,0,"January","Thursday",1.79175946922805,0,0
2020-01-31,7,0,0,1,1,0,0,"January","Friday",1.94591014905531,0,0
2020-02-01,8,0,0,1,1,0,0,"February","Saturday",2.07944154167984,0,0
2020-02-02,11,0,0,1,3,0,0,"February","Sunday",2.39789527279837,0,0
2020-02-03,11,0,0,1,0,0,0,"February","Monday",2.39789527279837,0,0
2020-02-04,11,0,0,1,0,0,0,"February","Tuesday",2.39789527279837,0,0
2020-02-05,12,0,0,1,1,0,0,"February","Wednesday",2.484906649788,0,0
2020-02-06,12,0,0,1,0,0,0,"February","Thursday",2.484906649788,0,0
2020-02-07,12,0,0,1,0,0,0,"February","Friday",2.484906649788,0,0
2020-02-08,12,0,0,1,0,0,0,"February","Saturday",2.484906649788,0,0
2020-02-09,12,0,3,1,0,0,3,"February","Sunday",2.484906649788,0,1.09861228866811
2020-02-10,13,0,3,1,1,0,0,"February","Monday",2.56494935746154,0,1.09861228866811
2020-02-11,13,0,3,1,0,0,0,"February","Tuesday",2.56494935746154,0,1.09861228866811
2020-02-12,14,0,3,1,1,0,0,"February","Wednesday",2.63905732961526,0,1.09861228866811
2020-02-13,15,0,3,1,1,0,0,"February","Thursday",2.70805020110221,0,1.09861228866811
2020-02-14,15,0,3,1,0,0,0,"February","Friday",2.70805020110221,0,1.09861228866811
2020-02-15,15,0,3,1,0,0,0,"February","Saturday",2.70805020110221,0,1.09861228866811
2020-02-16,15,0,3,1,0,0,0,"February","Sunday",2.70805020110221,0,1.09861228866811
2020-02-17,25,0,3,1,10,0,0,"February","Monday",3.2188758248682,0,1.09861228866811
2020-02-18,25,0,3,1,0,0,0,"February","Tuesday",3.2188758248682,0,1.09861228866811
2020-02-19,25,0,3,1,0,0,0,"February","Wednesday",3.2188758248682,0,1.09861228866811
2020-02-20,27,0,3,1,2,0,0,"February","Thursday",3.29583686600433,0,1.09861228866811
2020-02-21,30,0,5,1,3,0,2,"February","Friday",3.40119738166216,0,1.6094379124341
2020-02-22,30,0,5,1,0,0,0,"February","Saturday",3.40119738166216,0,1.6094379124341
2020-02-23,30,0,5,1,0,0,0,"February","Sunday",3.40119738166216,0,1.6094379124341
2020-02-24,43,0,5,1,13,0,0,"February","Monday",3.76120011569356,0,1.6094379124341
2020-02-25,45,0,6,1,2,0,1,"February","Tuesday",3.80666248977032,0,1.79175946922805
2020-02-26,60,0,6,1,15,0,0,"February","Wednesday",4.0943445622221,0,1.79175946922805
2020-02-27,60,0,6,1,0,0,0,"February","Thursday",4.0943445622221,0,1.79175946922805
2020-02-28,65,0,7,1,5,0,1,"February","Friday",4.17438726989564,0,1.94591014905531
2020-02-29,70,1,7,1,5,1,0,"February","Saturday",4.24849524204936,0,1.94591014905531
2020-03-01,88,3,7,1,18,2,0,"March","Sunday",4.47733681447821,1.09861228866811,1.94591014905531
2020-03-02,104,6,7,1,16,3,0,"March","Monday",4.64439089914137,1.79175946922805,1.94591014905531
2020-03-03,125,10,7,1,21,4,0,"March","Tuesday",4.8283137373023,2.30258509299405,1.94591014905531
2020-03-04,161,12,7,1,36,2,0,"March","Wednesday",5.08140436498446,2.484906649788,1.94591014905531
2020-03-05,228,12,7,1,67,0,0,"March","Thursday",5.42934562895444,2.484906649788,1.94591014905531
2020-03-06,311,15,7,1,83,3,0,"March","Friday",5.73979291217923,2.70805020110221,1.94591014905531
2020-03-07,428,19,7,1,117,4,0,"March","Saturday",6.0591231955818,2.94443897916644,1.94591014905531
2020-03-08,547,22,7,1,119,3,0,"March","Sunday",6.30444880242198,3.09104245335832,1.94591014905531
2020-03-09,748,26,7,1,201,4,0,"March","Monday",6.61740297797448,3.25809653802148,1.94591014905531
2020-03-10,1018,31,8,1,270,5,1,"March","Tuesday",6.92559519711047,3.43398720448515,2.07944154167984
2020-03-11,1263,37,8,1,245,6,0,"March","Wednesday",7.14124512235049,3.61091791264422,2.07944154167984
2020-03-12,1668,43,12,1,405,6,4,"March","Thursday",7.41938058291869,3.76120011569356,2.484906649788
2020-03-13,2224,50,12,1,556,7,0,"March","Friday",7.70706265537047,3.91202300542815,2.484906649788
2020-03-14,2898,60,12,1,674,10,0,"March","Saturday",7.97177612288063,4.0943445622221,2.484906649788
2020-03-15,3600,68,12,1,702,8,0,"March","Sunday",8.1886891244442,4.21950770517611,2.484906649788
2020-03-16,4507,91,17,1,907,23,5,"March","Monday",8.41338702269065,4.51085950651685,2.83321334405622
2020-03-17,5906,117,17,1,1399,26,0,"March","Tuesday",8.68372406230387,4.76217393479776,2.83321334405622
2020-03-18,8350,162,105,1,2444,45,88,"March","Wednesday",9.0300168178449,5.08759633523238,4.65396035015752
2020-03-19,12393,212,121,1,4043,50,16,"March","Thursday",9.42488707606487,5.35658627467201,4.79579054559674
2020-03-20,18012,277,147,1,5619,65,26,"March","Friday",9.79879348142146,5.62401750618734,4.99043258677874
2020-03-21,24528,360,176,1,6516,83,29,"March","Saturday",10.1075706011116,5.88610403145016,5.17048399503815
2020-03-22,33073,458,178,1,8545,98,2,"March","Sunday",10.406472518523,6.12686918411419,5.18178355029209
2020-03-23,43505,579,178,1,10432,121,0,"March","Monday",10.6806311530001,6.361302477573,5.18178355029209
2020-03-24,53938,785,348,1,10433,206,170,"March","Tuesday",10.8955905177712,6.66568371778241,5.85220247977447
2020-03-25,68572,1054,361,1,14634,269,13,"March","Wednesday",11.1356395671274,6.96034772910131,5.88887795833288
2020-03-26,85570,1353,681,1,16998,299,320,"March","Thursday",11.3570900334121,7.21007962817079,6.52356230614951
2020-03-27,102900,1770,869,1,17330,417,188,"March","Friday",11.5415129218221,7.47873482556787,6.76734312526539
2020-03-28,123966,2300,1072,1,21066,530,203,"March","Saturday",11.7277626134409,7.74066440191724,6.97728134163075
2020-03-29,142486,2718,2665,1,18520,418,1593,"March","Sunday",11.8669990282504,7.90765159471109,7.88795933659994
2020-03-30,163955,3368,5644,1,21469,650,2979,"March","Monday",12.0073472789105,8.12207437536222,8.6383483129727
2020-03-31,188461,4304,7024,1,24506,936,1380,"March","Tuesday",12.1466463679124,8.36730010184162,8.85708813531495
2020-04-01,215391,5325,8474,1,26930,1021,1450,"April","Wednesday",12.2802102601017,8.58016799057763,9.0447579311865
2020-04-02,245108,6541,9001,1,29717,1216,527,"April","Thursday",12.4094542087224,8.78584533796121,9.10509096125709
2020-04-03,277426,7932,9707,1,32318,1391,706,"April","Friday",12.5333095099401,8.97866048963969,9.18060255371223
2020-04-04,312525,9488,14652,1,35099,1556,4945,"April","Saturday",12.6524397449588,9.15778312123751,9.59233212389871
2020-04-05,338141,10856,17448,1,25616,1368,2796,"April","Sunday",12.7312182472415,9.2924732015147,9.76698030788146
2020-04-06,369057,12382,19581,1,30916,1526,2133,"April","Monday",12.8187063826379,9.42399908407918,9.88231498730333
2020-04-07,399394,14616,21763,1,30337,2234,2182,"April","Tuesday",12.8977036773172,9.58987209805784,9.98796655911407
2020-04-08,431214,16701,23559,1,31820,2085,1796,"April","Wednesday",12.9743597655823,9.72322387685162,10.067263192043
2020-04-09,465913,18821,25410,1,34699,2120,1851,"April","Thursday",13.0517542003991,9.84272854669056,10.1428980763142
2020-04-10,499386,21084,28790,1,33473,2263,3380,"April","Friday",13.1211346227945,9.9562697379751,10.2677833836062
2020-04-11,531106,23168,31270,1,31720,2084,2480,"April","Saturday",13.1827169036542,10.0505272951854,10.3504144504519
2020-04-12,558249,24849,32988,1,27143,1681,1718,"April","Sunday",13.2325603783887,10.1205727892664,10.4038991379532
2020-04-13,584018,26613,43482,1,25769,1764,10494,"April","Monday",13.2776870832532,10.1891550971887,10.6801023383373
2020-04-14,610709,29318,47763,1,26691,2705,4281,"April","Tuesday",13.3223758562895,10.28595694085,10.7740065601641
2020-04-15,640742,32070,52096,1,30033,2752,4333,"April","Wednesday",13.3703821587797,10.3756762926872,10.8608434493622
2020-04-16,672355,34419,54703,1,31613,2349,2607,"April","Thursday",13.4185417538273,10.4463640164673,10.9096738315131
2020-04-17,703864,36708,58545,1,31509,2289,3842,"April","Friday",13.46434043466,10.5107499939389,10.9775509682828
2020-04-18,732262,38659,64840,1,28398,1951,6295,"April","Saturday",13.5038936524014,10.5625348858991,11.0796779758496
2020-04-19,757596,40179,70337,1,25334,1520,5497,"April","Sunday",13.537905541009,10.6010997500552,11.1610532551327
2020-04-20,784991,42016,72329,1,27395,1837,1992,"April","Monday",13.5734275317307,10.6458057771025,11.1889804342258
2020-04-21,810505,44688,75204,1,25514,2672,2875,"April","Tuesday",13.6054127891703,10.707460288185,11.2279597000127
2020-04-22,839336,47059,77366,1,28831,2371,2162,"April","Wednesday",13.640366382038,10.7591574125868,11.2563026865819
2020-04-23,873112,49228,80203,1,33776,2169,2837,"April","Thursday",13.6798191198346,10.8042178462922,11.2923161996388
2020-04-24,909853,51360,99079,1,36741,2132,18876,"April","Friday",13.7210383269828,10.8466149383638,11.5036727906981
2020-04-25,944261,53327,100372,1,34408,1967,1293,"April","Saturday",13.7581578899641,10.8841980484965,11.5166385628821
2020-04-26,970996,54580,106988,1,26735,1253,6616,"April","Sunday",13.7860776278005,10.9074227942623,11.5804719576221
2020-04-27,994193,56022,111424,1,23197,1442,4436,"April","Monday",13.8096866317811,10.933499749712,11.6210980231279
2020-04-28,1018844,58416,115936,1,24651,2394,4512,"April","Tuesday",13.8341792092193,10.9753451038954,11.6607935936948
2020-04-29,1045399,60930,120720,1,26555,2514,4784,"April","Wednesday",13.8599091886889,11.0174809432425,11.7012290934417
2020-04-30,1075756,63140,153947,1,30357,2210,33227,"April","Thursday",13.8885342281894,11.053109762112,11.9443636663164
2020-05-01,1109726,64902,164015,1,33970,1762,10068,"May","Friday",13.91962369597,11.0806337188583,12.0077131660384
2020-05-02,1139200,66485,175382,1,29474,1583,11367,"May","Saturday",13.9458368196398,11.1047316372908,12.0747217310772
2020-05-03,1165340,67816,180152,1,26140,1331,4770,"May","Sunday",13.9685234478969,11.1245534342882,12.1015562179742
2020-05-04,1187302,68905,187180,1,21962,1089,7028,"May","Monday",13.9871940641467,11.1404840233092,12.1398259997112
2020-05-05,1211011,71139,189791,1,23709,2234,2611,"May","Tuesday",14.0069661058961,11.1723909886142,12.1536787456986
2020-05-06,1235517,73847,189910,1,24506,2708,119,"May","Wednesday",14.0270000639276,11.2097506642502,12.1543055547083
2020-05-07,1263995,75805,195036,1,28478,1958,5126,"May","Thursday",14.0497878979849,11.2359195325157,12.1809394358912
2020-05-08,1291643,77380,198993,1,27648,1575,3957,"May","Friday",14.071425609353,11.2564836282545,12.2010249272085
2020-05-09,1316511,78834,212534,1,24868,1454,13541,"May","Saturday",14.0904956133716,11.2750996548699,12.266857254548
2020-05-10,1336828,79766,216169,1,20317,932,3635,"May","Sunday",14.1058102015856,11.2868526274834,12.2838157881526
2020-05-11,1354449,80748,232733,1,17621,982,16564,"May","Monday",14.1189052875282,11.2990884729763,12.3576471527296
2020-05-12,1376749,82400,230287,1,22300,1652,-2446,"May","Tuesday",14.1352354807762,11.3193407158976,12.3470816361044
2020-05-13,1397894,84168,243430,1,21145,1768,13143,"May","Wednesday",14.1504773762975,11.3405700804881,12.4025847058435
2020-05-14,1424856,85906,246414,1,26962,1738,2984,"May","Thursday",14.1695813139471,11.3610089541943,12.4147683272092
2020-05-15,1451093,87499,250747,1,26237,1593,4333,"May","Friday",14.1878276235409,11.379382643709,12.4321997416449
2020-05-16,1474752,88724,268376,1,23659,1225,17629,"May","Saturday",14.2040003980265,11.3932857066707,12.5001442613036
2020-05-17,1493766,89568,272265,1,19014,844,3889,"May","Sunday",14.2168110059017,11.4027533923152,12.5145311356962
2020-05-18,1515593,90414,283178,1,21827,846,10913,"May","Monday",14.231317339483,11.4121544016462,12.5538309541684
2020-05-19,1536570,91934,289392,1,20977,1520,6214,"May","Tuesday",14.2450632176015,11.4288262072786,12.5755374493973
2020-05-20,1559640,93411,294312,1,23070,1477,4920,"May","Wednesday",14.2599655833636,11.4447643903015,12.59239570811
2020-05-21,1585373,94722,298418,1,25733,1311,4106,"May","Thursday",14.2763302688378,11.4587015647598,12.6062504672083
2020-05-22,1609172,96010,350135,1,23799,1288,51717,"May","Friday",14.2912303189561,11.4722076316917,12.7660740733827
2020-05-23,1631440,97060,361239,1,22268,1050,11104,"May","Saturday",14.3049736183662,11.4830846229592,12.7972950681182
2020-05-24,1651471,97680,366736,1,20031,620,5497,"May","Sunday",14.3171769638647,11.4894521087846,12.8123975221341
2020-05-25,1670571,98190,379157,1,19100,510,12421,"May","Monday",14.3286760421206,11.4946596561633,12.8457056463086
2020-05-26,1689467,98937,384902,1,18896,747,5745,"May","Tuesday",14.3399236525397,11.5022385629151,12.8607440354132
2020-05-27,1708211,100422,391508,1,18744,1485,6606,"May","Wednesday",14.3509571820004,11.5171365857417,12.8777612284315
2020-05-28,1730723,101622,399991,1,22512,1200,8483,"May","Thursday",14.3640497982453,11.5290153261192,12.899197325837
2020-05-29,1755271,102812,406446,1,24548,1190,6455,"May","Friday",14.3781338189156,11.5406573567081,12.9152063578174
2020-05-30,1778668,103775,416461,1,23397,963,10015,"May","Saturday",14.3913753275344,11.5499803729212,12.9395480987498
2020-05-31,1799302,104379,444758,1,20634,604,28297,"May","Sunday",14.4029093698834,11.5557837847721,13.0052855929998
2020-06-01,1821199,105113,458231,1,21897,734,13473,"June","Monday",14.4150056333541,11.562791240938,13.0351287027584
2020-06-02,1841990,106195,463868,1,20791,1082,5637,"June","Tuesday",14.426357066901,11.5730323057023,13.0473553079769
2020-06-03,1861977,107184,479258,1,19987,989,15390,"June","Wednesday",14.4371493844335,11.582302262748,13.0799943535177
2020-06-04,1883593,108192,485002,1,21616,1008,5744,"June","Thursday",14.4486916810567,11.5916627055076,13.0919082936225
2020-06-05,1912302,109304,491706,1,28709,1112,6704,"June","Friday",14.4638183099115,11.6018882700183,13.1056362558881
2020-06-06,1934818,110032,500849,1,22516,728,9143,"June","Saturday",14.4755238231749,11.6085265115596,13.1240599374321
2020-06-07,1953434,110422,506367,1,18616,390,5518,"June","Sunday",14.4850994073933,11.6120646683348,13.1350169818119
2020-06-08,1971641,111144,518522,1,18207,722,12155,"June","Monday",14.4943767488903,11.6185819368287,13.1587377358384
2020-06-09,1990446,112174,524855,1,18805,1030,6333,"June","Tuesday",14.5038692921924,11.6278065161621,13.17087731295
2020-06-10,2013298,113103,533504,1,22852,929,8649,"June","Wednesday",14.51528473142,11.6360541869514,13.1872218473528
2020-06-11,2036500,113980,540292,1,23202,877,6788,"June","Thursday",14.5267432060706,11.643778273389,13.1998650131336
2020-06-12,2061993,114759,547386,1,25493,779,7094,"June","Friday",14.5391835487909,11.6505895562198,13.2129094998141
2020-06-13,2087327,115451,556606,1,25334,692,9220,"June","Saturday",14.5513948580214,11.6566014765035,13.2296129077499
2020-06-14,2106457,115768,561816,1,19130,317,5210,"June","Sunday",14.5605179471855,11.6593434674178,13.2389296731328
2020-06-15,2126574,116216,576334,1,20117,448,14518,"June","Monday",14.5700227920358,11.6632058075527,13.2644426327346
2020-06-16,2151459,116985,583503,1,24885,769,7169,"June","Tuesday",14.581656774607,11.6698010004327,13.2768048720837
2020-06-17,2177114,117746,592191,1,25655,761,8688,"June","Wednesday",14.5935107044864,11.6762850410257,13.2915844969658
2020-06-18,2205173,118473,599115,1,28059,727,6924,"June","Thursday",14.6063165218353,11.6824403654947,13.3032088453149
2020-06-19,2236009,119171,606715,1,30836,698,7600,"June","Friday",14.6202031382937,11.6883147154233,13.315814437541
2020-06-20,2268034,119717,617460,1,32025,546,10745,"June","Saturday",14.6344239348991,11.6928859031829,13.3333695680582
2020-06-21,2294413,119974,622133,1,26379,257,4673,"June","Sunday",14.6459875953407,11.6950303316219,13.3409091752303
2020-06-22,2324879,120334,640198,1,30466,360,18065,"June","Monday",14.6591785526386,11.6980264887978,13.3695327824893
2020-06-23,2359939,121167,647548,1,35060,833,7350,"June","Tuesday",14.6741463292101,11.7049250383155,13.3809482010824
2020-06-24,2396928,121934,656161,1,36989,767,8613,"June","Wednesday",14.6896984754185,11.7112351937244,13.3941614646433
2020-06-25,2438101,124400,663562,1,41173,2466,7401,"June","Thursday",14.7067300155648,11.7312574592872,13.4053775722471
2020-06-26,2483629,125033,670809,1,45528,633,7247,"June","Friday",14.7252313550032,11.7363329814426,13.4162397256569
2020-06-27,2525928,125544,679308,1,42299,511,8499,"June","Saturday",14.7421190779234,11.7404115737186,13.4288299119391
2020-06-28,2565436,125815,685164,1,39508,271,5856,"June","Sunday",14.7576390026488,11.7425678530243,13.4374135046473
2020-06-29,2604932,126162,705203,1,39496,347,20039,"June","Monday",14.7729171291821,11.7453220743965,13.4662409836091
2020-06-30,2653321,127462,720631,1,48389,1300,15428,"June","Tuesday",14.7913226209004,11.7555735599424,13.4878824960766
2020-07-01,2703296,128104,729994,1,49975,642,9363,"July","Wednesday",14.8099823272172,11.7605977130023,13.5007915939127
2020-07-02,2758855,128827,781970,1,55559,723,51976,"July","Thursday",14.8303262965447,11.7662256980128,13.5695716556202
2020-07-03,2816009,129418,790404,1,57154,591,8434,"July","Friday",14.8508311922777,11.7708027549298,13.5802994861317
2020-07-04,2866015,129679,894325,1,50006,261,103921,"July","Saturday",14.8684331211319,11.7728174450905,13.7038245227685
2020-07-05,2910782,129941,906763,1,44767,262,12438,"July","Sunday",14.883932331569,11.7748357802645,13.7176363939599
2020-07-06,2958098,130332,924148,1,47316,391,17385,"July","Monday",14.9000570521977,11.777840320068,13.7366275109576
2020-07-07,3012182,131290,936476,1,54084,958,12328,"July","Tuesday",14.9181752910432,11.7851638959282,13.7498791732021
2020-07-08,3071637,132238,953462,1,59455,948,16986,"July","Wednesday",14.9377212022053,11.7923586083636,13.7678548500559
2020-07-09,3131526,133079,969111,1,59889,841,15649,"July","Thursday",14.9570309836435,11.7986982158271,13.784134435396
2020-07-10,3199753,133907,983185,1,68227,828,14074,"July","Friday",14.9785841772908,11.8049008081321,13.7985525808116
2020-07-11,3260474,134582,995576,1,60721,675,12391,"July","Saturday",14.9973831415465,11.8099289576811,13.8110767431183
2020-07-12,3318279,134977,1006326,1,57805,395,10750,"July","Sunday",15.0149568329967,11.8128596725355,13.8218166328131
2020-07-13,3379846,135402,1031939,1,61567,425,25613,"July","Monday",15.033340704291,11.8160034104,13.8469501147495
2020-07-14,3445448,136356,1049098,1,65602,954,17159,"July","Tuesday",15.0525644975163,11.823024391706,13.8634413053218
2020-07-15,3513790,137327,1075882,1,68342,971,26784,"July","Wednesday",15.0722057849872,11.8301202220953,13.8886513482627
2020-07-16,3589477,138285,1090645,1,75687,958,14763,"July","Thursday",15.0935170674005,11.8370720519008,13.9022798223137
2020-07-17,3660400,139186,1107204,1,70923,901,16559,"July","Friday",15.1130829890234,11.8435664471118,13.9173484765558
2020-07-18,3722851,139961,1122720,1,62451,775,15516,"July","Saturday",15.1300003305659,11.8491190913546,13.9312648704861
2020-07-19,3785126,140373,1131121,1,62275,412,8401,"July","Sunday",15.1465897335995,11.852058444388,13.9387197343448
2020-07-20,3845014,140904,1160087,1,59888,531,28966,"July","Monday",15.1622878020076,11.8558340864121,13.9640055602702
2020-07-21,3910291,142031,1182018,1,65277,1127,21931,"July","Tuesday",15.1791223537446,11.8638006226164,13.9827337052586
2020-07-22,3980030,143167,1210849,1,69739,1136,28831,"July","Wednesday",15.1967999149207,11.8717670600243,14.0068323244222
2020-07-23,4050036,144283,1233269,1,70006,1116,22420,"July","Thursday",15.2142363279321,11.879531927704,14.0251789254237
2020-07-24,4123561,145429,1261624,1,73525,1146,28355,"July","Friday",15.2322276684043,11.8874432739878,14.0479103379123
2020-07-25,4190337,146313,1279414,1,66776,884,17790,"July","Saturday",15.2482917182583,11.8935034415704,14.0619127185677
2020-07-26,4244554,146753,1297863,1,54217,440,18449,"July","Sunday",15.2611473074258,11.8965061804115,14.0762296236803
2020-07-27,4303735,148449,1325804,1,59181,1696,27941,"July","Monday",15.2749938082962,11.9079967438944,14.0975296258312
2020-07-28,4366851,149776,1355363,1,63116,1327,29559,"July","Tuesday",15.2895527123528,11.9168961236115,14.119579873097
2020-07-29,4433467,151172,1389425,1,66616,1396,34062,"July","Wednesday",15.3046924544453,11.9261735403935,14.1444005504575
2020-07-30,4502581,152433,1414155,1,69114,1261,24730,"July","Thursday",15.320161345876,11.9344804342273,14.1620427375357
2020-07-31,4571669,153862,1438160,1,69088,1429,24005,"July","Friday",15.3353889040757,11.9438113757585,14.1788750767203
2020-08-01,4628497,154917,1461885,1,56828,1055,23725,"August","Saturday",15.347742751331,11.9506447686077,14.1952372568273
2020-08-02,4679291,155337,1468689,1,50794,420,6804,"August","Sunday",15.3586571606907,11.9533522293113,14.1998807240972
2020-08-03,4726775,155945,1513446,1,47484,608,44757,"August","Monday",15.3687537097426,11.9572586599638,14.2298997279174
2020-08-04,4780324,157301,1528979,1,53549,1356,15533,"August","Tuesday",15.3800188845973,11.9659164463052,14.2401107503499
2020-08-05,4834047,158554,1577851,1,53723,1253,48872,"August","Wednesday",15.3911945629952,11.9738505082828,14.2715743526091
2020-08-06,4891561,159625,1598624,1,57514,1071,20773,"August","Thursday",15.4030220334141,11.9805825933348,14.2846538171979
2020-08-07,4952718,160981,1623870,1,61157,1356,25246,"August","Friday",15.4154470747587,11.9890416245802,14.3003227472386
2020-08-08,5007958,161947,1643118,1,55240,966,19248,"August","Saturday",15.4265388051454,11.995024400192,14.3121062142822
2020-08-09,5056438,162486,1656864,1,48480,539,13746,"August","Sunday",15.4361728408035,11.9983471231943,14.3204372169992
2020-08-10,5103611,163023,1670755,1,47173,537,13891,"August","Monday",15.4454588863687,12.0016465741291,14.3287861780368
2020-08-11,5156968,164474,1714960,1,53357,1451,44205,"August","Tuesday",15.4558593678558,12.0105077819844,14.354900314695
2020-08-12,5211246,165952,1753760,1,54278,1478,38800,"August","Wednesday",15.4663295406067,12.0194538688983,14.3772726124496
2020-08-13,5265307,167165,1774648,1,54061,1213,20888,"August","Thursday",15.4766500114419,12.0267366275766,14.3891126513665
2020-08-14,5324784,168341,1796326,1,59477,1176,21678,"August","Friday",15.4878827053568,12.0337469631067,14.4012540258491
2020-08-15,5375527,169400,1818527,1,50743,1059,22201,"August","Saturday",15.4973671736834,12.0400180612001,14.4135373907007
2020-08-16,5417664,169914,1833067,1,42137,514,14540,"August","Sunday",15.5051752842003,12.0430477056778,14.4215010782542
2020-08-17,5455187,170449,1865580,1,37523,535,32513,"August","Monday",15.5120774571384,12.0461914107257,14.4390825546692
2020-08-18,5498420,171798,1898159,1,43233,1349,32579,"August","Tuesday",15.5199713362047,12.054074647021,14.4563950270353
2020-08-19,5541433,173093,1925049,1,43013,1295,26890,"August","Wednesday",15.5277636895356,12.061584301294,14.4704619799255
2020-08-20,5587462,174136,1947035,1,46029,1043,21986,"August","Thursday",15.536035716986,12.0675918820947,14.4818182605667
2020-08-21,5636491,175297,1965056,1,49029,1161,18021,"August","Friday",15.5447722667299,12.0742369572432,14.4910313016072
2020-08-22,5681517,176247,1985484,1,45026,950,20428,"August","Saturday",15.5527288325033,12.0796416992531,14.5013732710974
2020-08-23,5713850,176693,1997761,1,32333,446,12277,"August","Sunday",15.5584036101157,12.0821690423561,14.507537611416
2020-08-24,5754254,177197,2020774,1,40404,504,23013,"August","Monday",15.5654499653241,12.0850173869872,14.518991164304
2020-08-25,5793437,178410,2053699,1,39183,1213,32925,"August","Tuesday",15.5722362831045,12.0918395513687,14.535153115402
2020-08-26,5838756,179603,2084465,1,45319,1193,30766,"August","Wednesday",15.5800283184151,12.0985041384969,14.5500227855648
2020-08-27,5884366,180729,2101326,1,45610,1126,16861,"August","Thursday",15.5878095613522,12.1047539506987,14.5580791319979
2020-08-28,5930930,181739,2118367,1,46564,1010,17041,"August","Friday",15.595691588357,12.1103268708682,14.5661560668089
2020-08-29,5975540,182610,2140614,1,44610,871,22247,"August","Saturday",15.6031850282672,12.1151080101561,14.5766032617334
2020-08-30,6008970,182984,2153939,1,33430,374,13325,"August","Sunday",15.6087639107924,12.1171539963072,14.5828088168917
2020-08-31,6045455,183472,2184825,1,36485,488,30886,"August","Monday",15.6148173080157,12.1198173462781,14.5970462917711
2020-09-01,6089504,184563,2202663,1,44049,1091,17838,"September","Tuesday",15.6220771913775,12.125746147592,14.6051776408645
2020-09-02,6121948,185639,2231757,1,32444,1076,29094,"September","Wednesday",15.6273909044952,12.1315592065705,14.6182997255887
2020-09-03,6168342,186717,2266957,1,46394,1078,35200,"September","Thursday",15.634940640159,12.1373493805533,14.6339489615109
2020-09-04,6220446,187697,2283454,1,52104,980,16497,"September","Friday",15.6433521663248,12.1425842394954,14.6411997668893
2020-09-05,6262700,188409,2302187,1,42254,712,18733,"September","Saturday",15.6501219599931,12.1463704106841,14.6493700986745
2020-09-06,6292699,188820,2315995,1,29999,411,13808,"September","Sunday",15.6549006304419,12.1485494592865,14.655349958778
2020-09-07,6317865,189083,2333551,1,25166,263,17556,"September","Monday",15.6588918925945,12.1499413510813,14.6629016997149
2020-09-08,6346806,189541,2359111,1,28941,458,25560,"September","Tuesday",15.6634622521999,12.1523606389415,14.6737954111192
2020-09-09,6380138,190716,2387479,1,33332,1175,28368,"September","Wednesday",15.6687002851811,12.1585406894848,14.6857485554868
2020-09-10,6418198,191631,2403511,1,38060,915,16032,"September","Thursday",15.6746479509084,12.1633269268385,14.6924411429647
2020-09-11,6465766,192858,2417878,1,47568,1227,14367,"September","Friday",15.6820320473148,12.1697094457939,14.6984008539626
2020-09-12,6504870,193559,2434658,1,39104,701,16780,"September","Saturday",15.6880616851018,12.1733376545372,14.7053168528892
2020-09-13,6538213,193958,2451406,1,33343,399,16748,"September","Sunday",15.6931744445059,12.1753969197617,14.7121722954672
2020-09-14,6575100,194408,2474570,1,36887,450,23164,"September","Monday",15.6988003450379,12.1777143224251,14.7215772015171
2020-09-15,6614317,195689,2495127,1,39217,1281,20557,"September","Tuesday",15.7047471000116,12.184281943322,14.7298501876759
2020-09-16,6653585,196686,2525573,1,39268,997,30446,"September","Wednesday",15.7106663651154,12.1893638274669,14.7419785256398
2020-09-17,6698895,197535,2540334,1,45310,849,14761,"September","Thursday",15.7174531453864,12.1936710628124,14.7478061264129
2020-09-18,6747782,198484,2556465,1,48887,949,16131,"September","Friday",15.7247244162577,12.1984637713267,14.7541360028159
2020-09-19,6789593,199154,2577446,1,41811,670,20981,"September","Saturday",15.7309015566485,12.2018336737709,14.7623095441203
2020-09-20,6825949,199367,2590671,1,36356,213,13225,"September","Sunday",15.7362419369881,12.2029026263244,14.7674274734811
2020-09-21,6880899,199797,2615949,1,54950,430,25278,"September","Monday",15.7442598699778,12.2050571300688,14.7771374959563
2020-09-22,6918290,200738,2646959,1,37391,941,31010,"September","Tuesday",15.7496791872306,12.2097558541818,14.7889219918562
2020-09-23,6959841,201828,2670256,1,41551,1090,23297,"September","Wednesday",15.7556671872221,12.2151711285154,14.79768490593
2020-09-24,7005043,202713,2710183,1,45202,885,39927,"September","Thursday",15.7621408762069,12.219546464572,14.8125267182513
2020-09-25,7059624,203566,2727335,1,54581,853,17152,"September","Friday",15.7699023502608,12.2237455556073,14.8188354999007
2020-09-26,7102321,204335,2750459,1,42697,769,23124,"September","Saturday",15.7759321899994,12.2275160828238,14.8272783648059
2020-09-27,7139619,204602,2766280,1,37298,267,15821,"September","Sunday",15.7811699715475,12.228821907623,14.8330140152954
2020-09-28,7176979,204952,2794608,1,37360,350,28328,"September","Monday",15.7863891003943,12.2305310843625,14.8432024042881
2020-09-29,7220676,205878,2813305,1,43697,926,18697,"September","Tuesday",15.792459135295,12.2350390393228,14.8498705067633
2020-09-30,7262734,206852,2840688,1,42058,974,27383,"September","Wednesday",15.7982668999331,12.239758840685,14.8595568343199
2020-10-01,7309152,207699,2860650,1,46418,847,19962,"October","Thursday",15.8046378195248,12.2438451952161,14.8665594297008
2020-10-02,7362563,208564,2873369,1,53411,865,12719,"October","Friday",15.8119186637814,12.2480012275566,14.8709957668878
2020-10-03,7410342,209273,2897322,1,47779,709,23953,"October","Saturday",15.8183871500534,12.2513948986793,14.8792974200398
2020-10-04,7445405,209606,2911699,1,35063,333,14377,"October","Sunday",15.8231076215461,12.2529848569735,14.8842473175715
2020-10-05,7487091,210035,2935142,1,41686,429,23443,"October","Monday",15.8286908955399,12.2550294624789,14.8922663916753
2020-10-06,7529955,210756,2952390,1,42864,721,17248,"October","Tuesday",15.8343996236626,12.2584563452097,14.8981255697974
2020-10-07,7582939,211752,2999895,1,52984,996,47505,"October","Wednesday",15.8414114133411,12.26317105757,14.9140878460199
2020-10-08,7639314,212680,3021252,1,56375,928,21357,"October","Thursday",15.8488183665354,12.2675439676183,14.9211818729773
2020-10-09,7698273,213595,3039089,1,58959,915,17837,"October","Friday",15.8565065759538,12.2718369775545,14.9270683574194
2020-10-10,7749859,214187,3062983,1,51586,592,23894,"October","Saturday",15.8631852076156,12.274604744211,14.9348998356852
2020-10-11,7794625,214606,3075077,1,44766,419,12094,"October","Sunday",15.8689449515554,12.2765590677814,14.9388404995596
2020-10-12,7840546,214957,3106728,1,45921,351,31651,"October","Monday",15.8748190327588,12.2781932871071,14.9490806402881
2020-10-13,7894905,215783,3124593,1,54359,826,17865,"October","Tuesday",15.8817281726672,12.2820285520581,14.9548145926707
2020-10-14,7954777,216792,3155794,1,59872,1009,31201,"October","Wednesday",15.8892831866773,12.2866936474978,14.9647506863207
2020-10-15,8020104,217585,3177397,1,65327,793,21603,"October","Thursday",15.8974619473397,12.2903448577643,14.9715728660994
2020-10-16,8090568,218494,3197539,1,70464,909,20142,"October","Friday",15.906209496706,12.2945138331865,14.9778920093897
2020-10-17,8143329,219173,3220573,1,52761,679,23034,"October","Saturday",15.912709622433,12.2976166512868,14.9850698519999
2020-10-18,8191211,219541,3234138,1,47882,368,13565,"October","Sunday",15.9185723081464,12.2992942822095,14.9892729898229
2020-10-19,8255439,220058,3272603,1,64228,517,38465,"October","Monday",15.9263828138133,12.3016464269522,15.0010962506788
2020-10-20,8316027,220987,3295148,1,60588,929,22545,"October","Tuesday",15.933695174708,12.3058591552403,15.0079616414502
2020-10-21,8380218,222195,3323354,1,64191,1208,28206,"October","Wednesday",15.9413844864397,12.3113106536843,15.0164850719065
2020-10-22,8455282,223023,3353056,1,75064,828,29702,"October","Thursday",15.9503018928042,12.3150301841372,15.0253827267703
2020-10-23,8540367,223948,3375427,1,85085,925,22371,"October","Friday",15.9603145390803,12.3191691610307,15.0320323928045
